ts,price_eur_per_mwh,allocation
2015-01-01 01:00:00+00:00,16.04,8.998631210462906e-23
2015-01-01 02:00:00+00:00,14.6,1.1973178336233027e-22
2015-01-01 03:00:00+00:00,14.95,6.331684148058709e-23
2015-01-01 04:00:00+00:00,14.5,8.784498482492545e-23
2015-01-01 05:00:00+00:00,10.76,9.448289170535479e-23
2015-01-01 06:00:00+00:00,12.01,8.795808946483729e-23
2015-01-01 07:00:00+00:00,12.39,9.233146635500373e-23
2015-01-01 08:00:00+00:00,14.04,8.941659262072907e-23
2015-01-01 09:00:00+00:00,14.68,9.195258322108463e-23
2015-01-01 10:00:00+00:00,16.08,6.198962936044945e-23
2015-01-01 11:00:00+00:00,16.08,9.12117295442235e-23
2015-01-01 12:00:00+00:00,16.05,9.115129828305933e-23
2015-01-01 13:00:00+00:00,16.04,3.135719765047172e-23
2015-01-01 14:00:00+00:00,16.1,1.764588893502793e-22
2015-01-01 15:00:00+00:00,23.93,-6.199046566879589e-22
2015-01-01 16:00:00+00:00,26.9,1.1428540919135502e-20
2015-01-01 17:00:00+00:00,26.36,0.14481947774249987
2015-01-01 18:00:00+00:00,23.98,0.507813723838528
2015-01-01 19:00:00+00:00,16.09,1.065182738288084
2015-01-01 20:00:00+00:00,14.08,1.7380265210911685
2015-01-01 21:00:00+00:00,12.44,2.506245072247781
2015-01-01 22:00:00+00:00,0.04,3.353438391757922
2015-01-01 23:00:00+00:00,-12.11,4.155606479621591
2015-01-02 00:00:00+00:00,-19.63,4.7912493358387875
2015-01-02 01:00:00+00:00,-19.37,5.185166960409513
2015-01-02 02:00:00+00:00,-31.41,5.339959353333766
2015-01-02 03:00:00+00:00,-31.41,5.135226514611547
2015-01-02 04:00:00+00:00,-13.48,4.570968444242857
2015-01-02 05:00:00+00:00,0.08,3.8264851422276944
2015-01-02 06:00:00+00:00,10.06,3.0373766085660603
2015-01-02 07:00:00+00:00,14.25,2.303442843257954
2015-01-02 08:00:00+00:00,14.56,1.666583846303376
2015-01-02 09:00:00+00:00,14.64,1.1298996177023262
2015-01-02 10:00:00+00:00,15.08,0.6941901574548046
2015-01-02 11:00:00+00:00,15.41,0.36385546556081116
2015-01-02 12:00:00+00:00,14.52,0.14219554202034593
2015-01-02 13:00:00+00:00,14.7,0.020310386833408873
2015-01-02 14:00:00+00:00,14.66,1.0702507144265441e-20
2015-01-02 15:00:00+00:00,16.09,-3.8805004234803327e-22
2015-01-02 16:00:00+00:00,25.1,-3.9627928469995405e-23
2015-01-02 17:00:00+00:00,25.06,3.9129269248394077e-22
2015-01-02 18:00:00+00:00,18.34,-7.453886922428628e-22
2015-01-02 19:00:00+00:00,14.26,0.036663288191969574
2015-01-02 20:00:00+00:00,12.22,0.17050134473746736
2015-01-02 21:00:00+00:00,8.0,0.38111416963649336
2015-01-02 22:00:00+00:00,-0.33,0.6263017628890475
2015-01-02 23:00:00+00:00,-0.08,0.8227641244951297
2015-01-03 00:00:00+00:00,-0.07,0.9730012544547401
2015-01-03 01:00:00+00:00,-5.03,1.0771131527678786
2015-01-03 02:00:00+00:00,0.01,1.0854998194345453
2015-01-03 03:00:00+00:00,-0.04,1.04856125445474
2015-01-03 04:00:00+00:00,0.03,0.965797457828463
2015-01-03 05:00:00+00:00,-8.67,0.8379084295557142
2015-01-03 06:00:00+00:00,4.46,0.5778941696364933
2015-01-03 07:00:00+00:00,9.9,0.31705467807080073
2015-01-03 08:00:00+00:00,14.29,0.10978995485863628
2015-01-03 09:00:00+00:00,16.73,-7.764486546097888e-22
2015-01-03 10:00:00+00:00,22.31,3.228437805493698e-22
2015-01-03 11:00:00+00:00,23.03,1.5189697238777585e-23
2015-01-03 12:00:00+00:00,22.4,9.365575166482716e-23
2015-01-03 13:00:00+00:00,27.07,3.203474803238358e-23
2015-01-03 14:00:00+00:00,28.29,1.472731322601575e-22
2015-01-03 15:00:00+00:00,28.6,9.087877947932913e-23
2015-01-03 16:00:00+00:00,28.88,3.5021918040586213e-23
2015-01-03 17:00:00+00:00,28.78,9.069904269550754e-23
2015-01-03 18:00:00+00:00,28.54,3.563749806308553e-23
2015-01-03 19:00:00+00:00,28.34,3.300709614576257e-23
2015-01-03 20:00:00+00:00,27.26,2.8910016845677456e-23
2015-01-03 21:00:00+00:00,27.7,9.293582514312693e-23
2015-01-03 22:00:00+00:00,14.27,3.3352291471421543e-22
2015-01-03 23:00:00+00:00,9.32,0.0446471235108441
2015-01-04 00:00:00+00:00,0.1,0.13706901537521637
2015-01-04 01:00:00+00:00,0.1,0.18506567559311682
2015-01-04 02:00:00+00:00,0.1,0.18863710416454538
2015-01-04 03:00:00+00:00,0.11,0.1477833010895021
2015-01-04 04:00:00+00:00,6.8,0.06260426636798697
2015-01-04 05:00:00+00:00,14.95,3.062031268375207e-22
2015-01-04 06:00:00+00:00,25.49,9.452234092225835e-23
2015-01-04 07:00:00+00:00,26.28,8.298808466078187e-23
2015-01-04 08:00:00+00:00,27.32,8.93119666589821e-23
2015-01-04 09:00:00+00:00,27.56,9.073315361382086e-23
2015-01-04 10:00:00+00:00,27.32,3.5601832474609863e-23
2015-01-04 11:00:00+00:00,27.08,3.431853651628127e-23
2015-01-04 12:00:00+00:00,26.33,3.624719300604634e-23
2015-01-04 13:00:00+00:00,27.42,9.023333406965629e-23
2015-01-04 14:00:00+00:00,28.37,1.4610311206841634e-22
2015-01-04 15:00:00+00:00,28.65,3.524659895170985e-23
2015-01-04 16:00:00+00:00,28.94,3.557408485926249e-23
2015-01-04 17:00:00+00:00,29.59,9.033455761991153e-23
2015-01-04 18:00:00+00:00,29.42,9.08182731106527e-23
2015-01-04 19:00:00+00:00,28.92,3.5047344196215777e-23
2015-01-04 20:00:00+00:00,28.66,3.6095571470442896e-23
2015-01-04 21:00:00+00:00,29.03,8.906266477885707e-23
2015-01-04 22:00:00+00:00,27.68,3.687821709351051e-23
2015-01-04 23:00:00+00:00,28.19,3.42064645793612e-23
2015-01-05 00:00:00+00:00,28.15,3.554831107096685e-23
2015-01-05 01:00:00+00:00,28.13,3.503992908185522e-23
2015-01-05 02:00:00+00:00,28.05,9.121708633848196e-23
2015-01-05 03:00:00+00:00,28.04,9.004766763074393e-23
2015-01-05 04:00:00+00:00,27.01,3.443442296198996e-23
2015-01-05 05:00:00+00:00,27.6,3.759260662285778e-23
2015-01-05 06:00:00+00:00,33.62,3.2911765587729013e-23
2015-01-05 07:00:00+00:00,38.15,9.257353902731906e-23
2015-01-05 08:00:00+00:00,41.51,8.83392343914312e-23
2015-01-05 09:00:00+00:00,40.46,9.317072378822176e-23
2015-01-05 10:00:00+00:00,40.97,-2.2031310556707974e-23
2015-01-05 11:00:00+00:00,40.72,9.219817426022252e-23
2015-01-05 12:00:00+00:00,41.92,-2.152557040094558e-23
2015-01-05 13:00:00+00:00,42.0,9.129416664646591e-23
2015-01-05 14:00:00+00:00,43.1,8.882110880003464e-23
2015-01-05 15:00:00+00:00,46.7,-1.6150551036803266e-23
2015-01-05 16:00:00+00:00,56.78,8.910097743824845e-23
2015-01-05 17:00:00+00:00,58.84,8.6460751464272e-23
2015-01-05 18:00:00+00:00,49.23,-1.328340286681191e-23
2015-01-05 19:00:00+00:00,44.32,8.505167291939378e-23
2015-01-05 20:00:00+00:00,35.86,-1.6446419687971546e-23
2015-01-05 21:00:00+00:00,32.56,3.279887917147249e-23
2015-01-05 22:00:00+00:00,30.03,9.206947913064771e-23
2015-01-05 23:00:00+00:00,30.02,3.432395768571108e-23
2015-01-06 00:00:00+00:00,29.81,9.133684442896515e-23
2015-01-06 01:00:00+00:00,29.41,8.974381591473377e-23
2015-01-06 02:00:00+00:00,27.89,3.6348575122350945e-23
2015-01-06 03:00:00+00:00,27.89,3.40946875053971e-23
2015-01-06 04:00:00+00:00,28.01,3.6436436390770165e-23
2015-01-06 05:00:00+00:00,29.67,8.952475823718007e-23
2015-01-06 06:00:00+00:00,30.03,1.47037395705344e-22
2015-01-06 07:00:00+00:00,30.5,3.462348529639528e-23
2015-01-06 08:00:00+00:00,30.35,9.136920847662621e-23
2015-01-06 09:00:00+00:00,30.53,3.4584229270872594e-23
2015-01-06 10:00:00+00:00,29.91,9.10790593412732e-23
2015-01-06 11:00:00+00:00,29.62,9.066694475031281e-23
2015-01-06 12:00:00+00:00,29.58,9.067511603773261e-23
2015-01-06 13:00:00+00:00,29.57,1.4611003067919279e-22
2015-01-06 14:00:00+00:00,29.62,9.110285126792257e-23
2015-01-06 15:00:00+00:00,29.99,9.015586188558061e-23
2015-01-06 16:00:00+00:00,29.65,9.126906052242262e-23
2015-01-06 17:00:00+00:00,29.58,9.034502768652774e-23
2015-01-06 18:00:00+00:00,29.0,1.463618206893982e-22
2015-01-06 19:00:00+00:00,28.45,9.064447180564514e-23
2015-01-06 20:00:00+00:00,28.15,3.560988448957339e-23
2015-01-06 21:00:00+00:00,28.08,9.002854433016901e-23
2015-01-06 22:00:00+00:00,26.97,9.120663877000158e-23
2015-01-06 23:00:00+00:00,26.35,3.508185822534056e-23
2015-01-07 00:00:00+00:00,26.08,9.066377874354396e-23
2015-01-07 01:00:00+00:00,26.03,1.4639511430871733e-22
2015-01-07 02:00:00+00:00,26.17,1.4598712769436998e-22
2015-01-07 03:00:00+00:00,26.1,3.484863769038415e-23
2015-01-07 04:00:00+00:00,26.84,9.151414338298908e-23
2015-01-07 05:00:00+00:00,30.07,1.4599663986120975e-22
2015-01-07 06:00:00+00:00,33.17,3.5073965866310157e-23
2015-01-07 07:00:00+00:00,34.1,1.4548081885367288e-22
2015-01-07 08:00:00+00:00,33.28,-1.8729327634098658e-23
2015-01-07 09:00:00+00:00,34.08,8.952345207572883e-23
2015-01-07 10:00:00+00:00,33.63,-1.9455357429333394e-23
2015-01-07 11:00:00+00:00,32.76,1.450985230244702e-22
2015-01-07 12:00:00+00:00,30.65,9.20936990684568e-23
2015-01-07 13:00:00+00:00,30.31,3.383760416263602e-23
2015-01-07 14:00:00+00:00,29.79,9.230118610056459e-23
2015-01-07 15:00:00+00:00,30.72,3.358736750111612e-23
2015-01-07 16:00:00+00:00,29.56,1.4720833247729322e-22
2015-01-07 17:00:00+00:00,28.84,9.041324519212312e-23
2015-01-07 18:00:00+00:00,28.2,9.074562379720292e-23
2015-01-07 19:00:00+00:00,27.75,9.057895359891148e-23
2015-01-07 20:00:00+00:00,27.42,3.6564516640247206e-23
2015-01-07 21:00:00+00:00,26.7,3.1898754316069127e-23
2015-01-07 22:00:00+00:00,22.11,9.47819451049014e-23
2015-01-07 23:00:00+00:00,21.92,1.437511652475356e-22
2015-01-08 00:00:00+00:00,19.35,9.089207024570482e-23
2015-01-08 01:00:00+00:00,16.11,6.385987671601768e-23
2015-01-08 02:00:00+00:00,14.93,6.174708949335191e-23
2015-01-08 03:00:00+00:00,15.0,9.105645331850564e-23
2015-01-08 04:00:00+00:00,19.04,1.196877138317864e-22
2015-01-08 05:00:00+00:00,26.17,8.971879995098229e-23
2015-01-08 06:00:00+00:00,29.41,8.956977663479263e-23
2015-01-08 07:00:00+00:00,28.1,1.481372543339224e-22
2015-01-08 08:00:00+00:00,28.23,3.4413143788435314e-23
2015-01-08 09:00:00+00:00,28.35,9.086025183258222e-23
2015-01-08 10:00:00+00:00,28.46,3.509066613545164e-23
2015-01-08 11:00:00+00:00,28.46,9.090961673408601e-23
2015-01-08 12:00:00+00:00,28.6,3.506228971302929e-23
2015-01-08 13:00:00+00:00,28.45,9.064702726180674e-23
2015-01-08 14:00:00+00:00,28.24,3.544103294123426e-23
2015-01-08 15:00:00+00:00,28.43,3.510321150039797e-23
2015-01-08 16:00:00+00:00,28.4,9.059291029995812e-23
2015-01-08 17:00:00+00:00,27.98,9.087731653273594e-23
2015-01-08 18:00:00+00:00,27.69,9.061941506321599e-23
2015-01-08 19:00:00+00:00,27.46,9.019194810139318e-23
2015-01-08 20:00:00+00:00,27.31,9.425496719655967e-23
2015-01-08 21:00:00+00:00,26.71,2.8859397158877775e-23
2015-01-08 22:00:00+00:00,15.93,9.471164033324722e-23
2015-01-08 23:00:00+00:00,11.55,9.27593257803269e-23
2015-01-09 00:00:00+00:00,13.47,1.1226682651439642e-22
2015-01-09 01:00:00+00:00,11.23,8.367785703350607e-23
2015-01-09 02:00:00+00:00,16.0,8.49234657132287e-23
2015-01-09 03:00:00+00:00,16.26,1.2184556792126958e-22
2015-01-09 04:00:00+00:00,19.94,6.127448535912057e-23
2015-01-09 05:00:00+00:00,24.36,9.323077973619543e-23
2015-01-09 06:00:00+00:00,29.24,8.688659072596898e-23
2015-01-09 07:00:00+00:00,27.45,1.4925113756740762e-22
2015-01-09 08:00:00+00:00,27.38,8.972315593362662e-23
2015-01-09 09:00:00+00:00,27.33,3.528794445021445e-23
2015-01-09 10:00:00+00:00,27.23,3.5231470330573544e-23
2015-01-09 11:00:00+00:00,27.15,9.070797109892188e-23
2015-01-09 12:00:00+00:00,27.08,3.5208540237929805e-23
2015-01-09 13:00:00+00:00,27.03,1.4620008355323665e-22
2015-01-09 14:00:00+00:00,27.02,3.526419700041344e-23
2015-01-09 15:00:00+00:00,27.12,3.516387716177714e-23
2015-01-09 16:00:00+00:00,27.15,1.4623171828666489e-22
2015-01-09 17:00:00+00:00,27.1,3.51924834589606e-23
2015-01-09 18:00:00+00:00,27.02,9.047133846687574e-23
2015-01-09 19:00:00+00:00,26.96,1.4755620636359287e-22
2015-01-09 20:00:00+00:00,26.69,3.459005325904659e-23
2015-01-09 21:00:00+00:00,21.64,1.4197912548311498e-22
2015-01-09 22:00:00+00:00,14.72,9.855323434692782e-23
2015-01-09 23:00:00+00:00,21.94,3.117337778871225e-23
2015-01-10 00:00:00+00:00,25.08,8.836164251570066e-23
2015-01-10 01:00:00+00:00,20.91,3.796759859944315e-23
2015-01-10 02:00:00+00:00,20.68,1.4899720590153364e-22
2015-01-10 03:00:00+00:00,21.91,2.8848096628476946e-23
2015-01-10 04:00:00+00:00,12.28,1.219197161058764e-22
2015-01-10 05:00:00+00:00,7.19,1.0598427424626974e-22
2015-01-10 06:00:00+00:00,9.31,1.0138267596044058e-22
2015-01-10 07:00:00+00:00,11.35,9.384001450361831e-23
2015-01-10 08:00:00+00:00,15.87,3.268595827211439e-23
2015-01-10 09:00:00+00:00,15.84,9.111754219268636e-23
2015-01-10 10:00:00+00:00,14.83,9.216035227058085e-23
2015-01-10 11:00:00+00:00,15.83,6.232790783004675e-23
2015-01-10 12:00:00+00:00,14.85,6.168577247350998e-23
2015-01-10 13:00:00+00:00,11.42,1.1979315344837922e-22
2015-01-10 14:00:00+00:00,11.34,9.05954312057069e-23
2015-01-10 15:00:00+00:00,14.15,6.633484016266204e-23
2015-01-10 16:00:00+00:00,17.09,5.482742847186354e-22
2015-01-10 17:00:00+00:00,18.87,-7.14109095040281e-21
2015-01-10 18:00:00+00:00,13.44,0.015546779757662143
2015-01-10 19:00:00+00:00,15.82,0.12006832786885245
2015-01-10 20:00:00+00:00,11.51,0.337364644333571
2015-01-10 21:00:00+00:00,11.81,0.6243357291518177
2015-01-10 22:00:00+00:00,5.08,0.9839815823235926
2015-01-10 23:00:00+00:00,0.05,1.3490022038488956
2015-01-11 00:00:00+00:00,-2.06,1.6690975937277266
2015-01-11 01:00:00+00:00,-4.11,1.923167751960086
2015-01-11 02:00:00+00:00,-5.06,2.0907126785459735
2015-01-11 03:00:00+00:00,-4.12,2.1622323734853888
2015-01-11 04:00:00+00:00,-0.74,2.1471268367783325
2015-01-11 05:00:00+00:00,-0.09,2.0791960684248045
2015-01-11 06:00:00+00:00,0.05,1.9649400684248044
2015-01-11 07:00:00+00:00,0.11,1.8057588367783324
2015-01-11 08:00:00+00:00,4.05,1.6022523734853886
2015-01-11 09:00:00+00:00,5.61,1.393820678545973
2015-01-11 10:00:00+00:00,9.91,1.1960637519600856
2015-01-11 11:00:00+00:00,8.71,1.0519815937277264
2015-01-11 12:00:00+00:00,0.11,0.9495742038488953
2015-01-11 13:00:00+00:00,0.11,0.8028415823235924
2015-01-11 14:00:00+00:00,0.15,0.6117837291518176
2015-01-11 15:00:00+00:00,6.73,0.3768006443335709
2015-01-11 16:00:00+00:00,13.72,0.1636923278688524
2015-01-11 17:00:00+00:00,12.44,0.042358779757662106
2015-01-11 18:00:00+00:00,14.88,-7.282755933861319e-21
2015-01-11 19:00:00+00:00,9.63,6.978294454201219e-22
2015-01-11 20:00:00+00:00,9.29,1.3508297055379069e-22
2015-01-11 21:00:00+00:00,10.18,0.018183542409123284
2015-01-11 22:00:00+00:00,0.12,0.09274185317177473
2015-01-11 23:00:00+00:00,9.3,0.12307493228795434
2015-01-12 00:00:00+00:00,2.87,0.20098277975766213
2015-01-12 01:00:00+00:00,0.09,0.2621653955808981
2015-01-12 02:00:00+00:00,0.1,0.2788227797576622
2015-01-12 03:00:00+00:00,0.07,0.2510549322879544
2015-01-12 04:00:00+00:00,0.11,0.17856185317177478
2015-01-12 05:00:00+00:00,10.05,0.061743542409123296
2015-01-12 06:00:00+00:00,17.03,1.896618085164505e-22
2015-01-12 07:00:00+00:00,17.92,2.256743146713402e-22
2015-01-12 08:00:00+00:00,17.66,7.251949013259106e-23
2015-01-12 09:00:00+00:00,17.66,9.064949079564321e-23
2015-01-12 10:00:00+00:00,17.41,5.677680436624492e-23
2015-01-12 11:00:00+00:00,15.43,1.6533898276653044e-22
2015-01-12 12:00:00+00:00,14.59,1.4918787971352354e-22
2015-01-12 13:00:00+00:00,6.63,0.000725231646471837
2015-01-12 14:00:00+00:00,0.15,0.022325231646471842
2015-01-12 15:00:00+00:00,15.63,1.619379183603279e-22
2015-01-12 16:00:00+00:00,18.34,1.326223974578978e-22
2015-01-12 17:00:00+00:00,17.86,8.740223570885339e-23
2015-01-12 18:00:00+00:00,16.78,3.543057881496242e-23
2015-01-12 19:00:00+00:00,15.68,1.1674420940890702e-22
2015-01-12 20:00:00+00:00,13.91,9.489268208848793e-23
2015-01-12 21:00:00+00:00,14.91,5.688162309494596e-23
2015-01-12 22:00:00+00:00,9.1,9.56301271907852e-23
2015-01-12 23:00:00+00:00,9.27,8.916554200430345e-23
2015-01-13 00:00:00+00:00,10.42,1.0298567107349324e-22
2015-01-13 01:00:00+00:00,11.16,1.0763772303991645e-22
2015-01-13 02:00:00+00:00,15.9,6.014615576238923e-23
2015-01-13 03:00:00+00:00,17.81,9.3035111920067e-23
2015-01-13 04:00:00+00:00,19.92,1.136254751345209e-22
2015-01-13 05:00:00+00:00,21.05,4.3863830354697415e-23
2015-01-13 06:00:00+00:00,32.37,8.320600027743043e-23
2015-01-13 07:00:00+00:00,32.28,-1.7989995399715733e-23
2015-01-13 08:00:00+00:00,28.47,9.137392640949242e-23
2015-01-13 09:00:00+00:00,26.07,1.4593330302108679e-22
2015-01-13 10:00:00+00:00,25.22,9.09180153101282e-23
2015-01-13 11:00:00+00:00,25.25,9.01931883964255e-23
2015-01-13 12:00:00+00:00,24.91,3.4682825222326814e-23
2015-01-13 13:00:00+00:00,25.62,3.7914909549596106e-23
2015-01-13 14:00:00+00:00,28.91,8.676650924493325e-23
2015-01-13 15:00:00+00:00,26.98,3.8170541120972506e-23
2015-01-13 16:00:00+00:00,27.12,8.953199248572621e-23
2015-01-13 17:00:00+00:00,26.98,9.098669356018122e-23
2015-01-13 18:00:00+00:00,26.87,3.5221231104379724e-23
2015-01-13 19:00:00+00:00,26.68,8.979379900354222e-23
2015-01-13 20:00:00+00:00,26.42,9.461323050250726e-23
2015-01-13 21:00:00+00:00,27.02,8.403454343457456e-23
2015-01-13 22:00:00+00:00,18.36,6.852584156684797e-23
2015-01-13 23:00:00+00:00,16.06,8.957273238287833e-23
2015-01-14 00:00:00+00:00,15.02,8.814990643469388e-23
2015-01-14 01:00:00+00:00,11.99,8.044428338287745e-23
2015-01-14 02:00:00+00:00,13.68,6.048979006997261e-23
2015-01-14 03:00:00+00:00,13.91,8.915752131237564e-23
2015-01-14 04:00:00+00:00,16.26,6.839179556698262e-23
2015-01-14 05:00:00+00:00,27.32,8.635435237677724e-23
2015-01-14 06:00:00+00:00,30.86,1.4613047335637245e-22
2015-01-14 07:00:00+00:00,28.92,9.265952815586168e-23
2015-01-14 08:00:00+00:00,28.76,3.464600024155059e-23
2015-01-14 09:00:00+00:00,29.0,3.506466067839114e-23
2015-01-14 10:00:00+00:00,28.51,1.4594150124379242e-22
2015-01-14 11:00:00+00:00,27.59,9.137854649645077e-23
2015-01-14 12:00:00+00:00,27.73,3.459680597262505e-23
2015-01-14 13:00:00+00:00,27.85,1.4635826382323604e-22
2015-01-14 14:00:00+00:00,28.85,9.095292881371612e-23
2015-01-14 15:00:00+00:00,30.79,9.106039883752317e-23
2015-01-14 16:00:00+00:00,31.87,3.4099782710124563e-23
2015-01-14 17:00:00+00:00,29.99,9.133362886301141e-23
2015-01-14 18:00:00+00:00,28.55,9.097276180493478e-23
2015-01-14 19:00:00+00:00,28.53,9.099912617502563e-23
2015-01-14 20:00:00+00:00,27.96,9.137310166234936e-23
2015-01-14 21:00:00+00:00,23.73,2.9017458707116484e-23
2015-01-14 22:00:00+00:00,16.29,1.2996080641437265e-22
2015-01-14 23:00:00+00:00,24.36,8.178694173936965e-23
2015-01-15 00:00:00+00:00,21.59,9.173636335479277e-23
2015-01-15 01:00:00+00:00,15.46,6.622050702163136e-23
2015-01-15 02:00:00+00:00,15.44,6.142854499174444e-23
2015-01-15 03:00:00+00:00,15.43,1.1484298992898198e-22
2015-01-15 04:00:00+00:00,15.47,7.110677377221141e-23
2015-01-15 05:00:00+00:00,25.85,8.263112655948351e-23
2015-01-15 06:00:00+00:00,26.28,9.474679819478203e-23
2015-01-15 07:00:00+00:00,26.55,1.4537857502642957e-22
2015-01-15 08:00:00+00:00,26.42,9.089469763987578e-23
2015-01-15 09:00:00+00:00,26.36,3.512773202772312e-23
2015-01-15 10:00:00+00:00,26.23,3.5192075455516705e-23
2015-01-15 11:00:00+00:00,26.12,1.462740961188642e-22
2015-01-15 12:00:00+00:00,26.18,9.073008616728729e-23
2015-01-15 13:00:00+00:00,26.3,1.4607372169029318e-22
2015-01-15 14:00:00+00:00,26.37,3.543824643953873e-23
2015-01-15 15:00:00+00:00,26.76,3.5095817441073934e-23
2015-01-15 16:00:00+00:00,26.89,9.064011082598297e-23
2015-01-15 17:00:00+00:00,26.65,9.060934761995837e-23
2015-01-15 18:00:00+00:00,26.41,-1.9128596708938304e-23
2015-01-15 19:00:00+00:00,26.05,1.4395049681277513e-22
2015-01-15 20:00:00+00:00,22.05,3.827686485939523e-23
2015-01-15 21:00:00+00:00,19.01,8.796813303489325e-23
2015-01-15 22:00:00+00:00,12.01,7.755894639865357e-23
2015-01-15 23:00:00+00:00,6.95,9.200683332959623e-23
2015-01-16 00:00:00+00:00,6.73,8.931685967698399e-23
2015-01-16 01:00:00+00:00,6.8,1.0321079538655685e-22
2015-01-16 02:00:00+00:00,6.76,9.702093951272124e-23
2015-01-16 03:00:00+00:00,6.74,1.458687150513237e-22
2015-01-16 04:00:00+00:00,0.94,0.018012615823235927
2015-01-16 05:00:00+00:00,15.0,1.3582060756089947e-22
2015-01-16 06:00:00+00:00,25.09,9.09942249737474e-23
2015-01-16 07:00:00+00:00,23.66,3.650676139065914e-23
2015-01-16 08:00:00+00:00,22.52,1.4765881909039107e-22
2015-01-16 09:00:00+00:00,24.3,3.288303256214039e-23
2015-01-16 10:00:00+00:00,22.94,3.551036119091018e-23
2015-01-16 11:00:00+00:00,21.96,3.617933056008068e-23
2015-01-16 12:00:00+00:00,24.32,9.155789161487737e-23
2015-01-16 13:00:00+00:00,26.51,8.659272006317321e-23
2015-01-16 14:00:00+00:00,23.91,4.024361159176169e-23
2015-01-16 15:00:00+00:00,27.43,8.747266145924147e-23
2015-01-16 16:00:00+00:00,29.07,9.264664804637987e-23
2015-01-16 17:00:00+00:00,30.08,3.313704731580996e-23
2015-01-16 18:00:00+00:00,27.83,3.7125731042349454e-23
2015-01-16 19:00:00+00:00,27.4,3.4261648907955394e-23
2015-01-16 20:00:00+00:00,26.95,3.552033682065771e-23
2015-01-16 21:00:00+00:00,26.85,1.4602049722325491e-22
2015-01-16 22:00:00+00:00,26.75,3.541429570243949e-23
2015-01-16 23:00:00+00:00,26.88,9.054538654722924e-23
2015-01-17 00:00:00+00:00,26.78,3.5241949994483854e-23
2015-01-17 01:00:00+00:00,26.67,3.529136724526724e-23
2015-01-17 02:00:00+00:00,26.7,1.4611237839723205e-22
2015-01-17 03:00:00+00:00,26.66,9.080386016123187e-23
2015-01-17 04:00:00+00:00,26.74,9.063716229753456e-23
2015-01-17 05:00:00+00:00,26.87,3.5265162641080106e-23
2015-01-17 06:00:00+00:00,27.2,1.4621187576035966e-22
2015-01-17 07:00:00+00:00,27.61,9.068531556916213e-23
2015-01-17 08:00:00+00:00,27.99,1.4620401824178714e-22
2015-01-17 09:00:00+00:00,28.35,3.56311310977712e-23
2015-01-17 10:00:00+00:00,28.53,1.452398137249035e-22
2015-01-17 11:00:00+00:00,27.42,9.191752825100894e-23
2015-01-17 12:00:00+00:00,27.52,3.429285975922512e-23
2015-01-17 13:00:00+00:00,27.09,9.115120437827821e-23
2015-01-17 14:00:00+00:00,27.27,9.061769162843485e-23
2015-01-17 15:00:00+00:00,27.78,9.079645157115159e-23
2015-01-17 16:00:00+00:00,28.23,9.05498966736026e-23
2015-01-17 17:00:00+00:00,28.1,9.085236506837831e-23
2015-01-17 18:00:00+00:00,27.74,9.068210609203591e-23
2015-01-17 19:00:00+00:00,27.24,9.032222554207689e-23
2015-01-17 20:00:00+00:00,26.93,9.231164950673727e-23
2015-01-17 21:00:00+00:00,27.46,3.262411100369942e-23
2015-01-17 22:00:00+00:00,24.5,1.488397185688023e-22
2015-01-17 23:00:00+00:00,23.35,3.2775651674030437e-23
2015-01-18 00:00:00+00:00,21.19,1.4852521828858126e-22
2015-01-18 01:00:00+00:00,22.24,8.913524062992394e-23
2015-01-18 02:00:00+00:00,22.31,9.150863048459751e-23
2015-01-18 03:00:00+00:00,22.32,8.951294869957645e-23
2015-01-18 04:00:00+00:00,22.11,3.6932249368175014e-23
2015-01-18 05:00:00+00:00,24.9,1.4520757132051847e-22
2015-01-18 06:00:00+00:00,26.68,3.510479300781631e-23
2015-01-18 07:00:00+00:00,27.03,9.116166677738213e-23
2015-01-18 08:00:00+00:00,27.22,1.4571479971148978e-22
2015-01-18 09:00:00+00:00,27.24,3.6035011081550045e-23
2015-01-18 10:00:00+00:00,28.22,3.449933437387235e-23
2015-01-18 11:00:00+00:00,28.15,1.4637722663192795e-22
2015-01-18 12:00:00+00:00,27.85,9.077806066986037e-23
2015-01-18 13:00:00+00:00,28.17,9.083280990122081e-23
2015-01-18 14:00:00+00:00,29.24,3.48985931311201e-23
2015-01-18 15:00:00+00:00,30.44,3.554262999228362e-23
2015-01-18 16:00:00+00:00,31.94,-2.017728388464353e-23
2015-01-18 17:00:00+00:00,32.45,3.4536567482700137e-23
2015-01-18 18:00:00+00:00,30.94,9.110522551564682e-23
2015-01-18 19:00:00+00:00,29.8,9.128603236906408e-23
2015-01-18 20:00:00+00:00,29.63,3.4133120059127533e-23
2015-01-18 21:00:00+00:00,28.54,3.617840395743621e-23
2015-01-18 22:00:00+00:00,28.42,3.456485578169417e-23
2015-01-18 23:00:00+00:00,27.92,9.099422271655751e-23
2015-01-19 00:00:00+00:00,27.7,3.51445297924458e-23
2015-01-19 01:00:00+00:00,27.65,3.518127908648633e-23
2015-01-19 02:00:00+00:00,27.73,3.52244417538195e-23
2015-01-19 03:00:00+00:00,28.07,3.524025845753223e-23
2015-01-19 04:00:00+00:00,28.92,1.452996106424256e-22
2015-01-19 05:00:00+00:00,31.12,9.148081443132956e-23
2015-01-19 06:00:00+00:00,37.83,9.282613124377605e-23
2015-01-19 07:00:00+00:00,45.36,-2.3634357198016295e-23
2015-01-19 08:00:00+00:00,42.65,9.180473850979117e-23
2015-01-19 09:00:00+00:00,36.31,8.858575697072016e-23
2015-01-19 10:00:00+00:00,34.41,9.792011613940537e-23
2015-01-19 11:00:00+00:00,44.97,-2.892785741958893e-23
2015-01-19 12:00:00+00:00,46.15,-1.2397552301384507e-23
2015-01-19 13:00:00+00:00,46.08,8.193394514846698e-23
2015-01-19 14:00:00+00:00,34.37,-1.5391434022235605e-23
2015-01-19 15:00:00+00:00,33.73,1.5208790780210417e-22
2015-01-19 16:00:00+00:00,41.95,-3.286158596181419e-23
2015-01-19 17:00:00+00:00,33.12,1.0020729988747619e-22
2015-01-19 18:00:00+00:00,31.46,3.167796096637542e-23
2015-01-19 19:00:00+00:00,30.27,9.14610742402749e-23
2015-01-19 20:00:00+00:00,29.74,3.488113944242142e-23
2015-01-19 21:00:00+00:00,28.98,3.5179758220631555e-23
2015-01-19 22:00:00+00:00,28.46,9.114658633434635e-23
2015-01-19 23:00:00+00:00,28.62,1.456804026417794e-22
2015-01-20 00:00:00+00:00,28.22,3.5551612690359395e-23
2015-01-20 01:00:00+00:00,28.07,3.502393212015156e-23
2015-01-20 02:00:00+00:00,28.02,9.08909203835797e-23
2015-01-20 03:00:00+00:00,28.39,9.127019427231412e-23
2015-01-20 04:00:00+00:00,29.17,1.4108311740687166e-22
2015-01-20 05:00:00+00:00,31.76,1.0041588389442097e-22
2015-01-20 06:00:00+00:00,50.08,-2.659900782904141e-23
2015-01-20 07:00:00+00:00,57.52,-2.1987218140820066e-23
2015-01-20 08:00:00+00:00,53.7,9.455023667397407e-23
2015-01-20 09:00:00+00:00,53.01,9.135167082084863e-23
2015-01-20 10:00:00+00:00,53.02,-2.458591896901338e-23
2015-01-20 11:00:00+00:00,47.73,9.484604132803104e-23
2015-01-20 12:00:00+00:00,47.76,-2.1102567955238002e-23
2015-01-20 13:00:00+00:00,47.69,8.871988848688246e-23
2015-01-20 14:00:00+00:00,44.49,8.926971218105498e-23
2015-01-20 15:00:00+00:00,46.11,-9.358874387569659e-24
2015-01-20 16:00:00+00:00,57.48,-3.794823718546029e-23
2015-01-20 17:00:00+00:00,46.12,1.08264301046652e-22
2015-01-20 18:00:00+00:00,44.4,-3.518123714146548e-23
2015-01-20 19:00:00+00:00,30.69,4.641988868410215e-23
2015-01-20 20:00:00+00:00,30.45,-2.5806393847598848e-23
2015-01-20 21:00:00+00:00,29.51,9.164110375235171e-23
2015-01-20 22:00:00+00:00,28.5,3.5448963516685146e-23
2015-01-20 23:00:00+00:00,28.12,1.4603721178626325e-22
2015-01-21 00:00:00+00:00,27.87,9.076386790661748e-23
2015-01-21 01:00:00+00:00,27.78,9.071063783204158e-23
2015-01-21 02:00:00+00:00,27.85,9.065799341677656e-23
2015-01-21 03:00:00+00:00,28.24,9.129765916480492e-23
2015-01-21 04:00:00+00:00,29.59,8.635288104656286e-23
2015-01-21 05:00:00+00:00,33.04,9.955664815972553e-23
2015-01-21 06:00:00+00:00,49.67,-2.784956735969771e-23
2015-01-21 07:00:00+00:00,55.34,-1.8468846755433788e-23
2015-01-21 08:00:00+00:00,55.33,9.179273662263066e-23
2015-01-21 09:00:00+00:00,54.96,9.135620962624479e-23
2015-01-21 10:00:00+00:00,53.44,8.782652863489801e-23
2015-01-21 11:00:00+00:00,48.49,9.425390729645189e-23
2015-01-21 12:00:00+00:00,48.4,-2.2574129388872228e-23
2015-01-21 13:00:00+00:00,48.0,9.141042812697193e-23
2015-01-21 14:00:00+00:00,48.8,8.993460417607357e-23
2015-01-21 15:00:00+00:00,51.02,9.170679819997161e-23
2015-01-21 16:00:00+00:00,55.47,-1.6623461265917726e-23
2015-01-21 17:00:00+00:00,55.36,8.042637018616815e-23
2015-01-21 18:00:00+00:00,38.08,-1.0593271797930477e-23
2015-01-21 19:00:00+00:00,33.28,8.779717227909769e-23
2015-01-21 20:00:00+00:00,32.96,-2.0890069331784615e-23
2015-01-21 21:00:00+00:00,31.76,3.481330008720023e-23
2015-01-21 22:00:00+00:00,29.55,3.613402393540006e-23
2015-01-21 23:00:00+00:00,28.96,9.032765686077232e-23
2015-01-22 00:00:00+00:00,28.69,3.509425683769921e-23
2015-01-22 01:00:00+00:00,28.31,3.5287363079756975e-23
2015-01-22 02:00:00+00:00,28.26,9.080930979032106e-23
2015-01-22 03:00:00+00:00,28.82,1.4588886503587785e-22
2015-01-22 04:00:00+00:00,30.34,1.4485704446321672e-22
2015-01-22 05:00:00+00:00,35.24,9.40890341519989e-23
2015-01-22 06:00:00+00:00,47.25,-2.1082868115111977e-23
2015-01-22 07:00:00+00:00,53.79,8.624670506278917e-23
2015-01-22 08:00:00+00:00,49.31,-1.4770162869239498e-23
2015-01-22 09:00:00+00:00,49.32,8.835486808653986e-23
2015-01-22 10:00:00+00:00,48.69,-1.9664309138482425e-23
2015-01-22 11:00:00+00:00,47.46,-2.1808559867271013e-23
2015-01-22 12:00:00+00:00,45.84,9.357316110487196e-23
2015-01-22 13:00:00+00:00,48.3,-2.3274328731678278e-23
2015-01-22 14:00:00+00:00,48.79,9.127081375519185e-23
2015-01-22 15:00:00+00:00,51.99,9.361796069556132e-23
2015-01-22 16:00:00+00:00,58.35,-2.2202481968843065e-23
2015-01-22 17:00:00+00:00,55.62,-2.4058484327059418e-23
2015-01-22 18:00:00+00:00,44.83,9.737595805619492e-23
2015-01-22 19:00:00+00:00,43.2,-2.306107479258966e-23
2015-01-22 20:00:00+00:00,39.86,8.862383193925264e-23
2015-01-22 21:00:00+00:00,32.62,9.338919229626468e-23
2015-01-22 22:00:00+00:00,30.22,9.019394648231836e-23
2015-01-22 23:00:00+00:00,30.08,8.985895647088615e-23
2015-01-23 00:00:00+00:00,29.25,9.125358453516894e-23
2015-01-23 01:00:00+00:00,28.86,9.056420485204927e-23
2015-01-23 02:00:00+00:00,28.78,3.499621961566263e-23
2015-01-23 03:00:00+00:00,29.39,1.4744025995078128e-22
2015-01-23 04:00:00+00:00,31.71,8.450906671625096e-23
2015-01-23 05:00:00+00:00,35.38,-6.634124355848201e-24
2015-01-23 06:00:00+00:00,54.28,-3.643916080953616e-23
2015-01-23 07:00:00+00:00,53.56,1.0203475511558068e-22
2015-01-23 08:00:00+00:00,57.68,-2.5808396733466767e-23
2015-01-23 09:00:00+00:00,56.97,9.491052193942938e-23
2015-01-23 10:00:00+00:00,55.75,8.552626206397427e-23
2015-01-23 11:00:00+00:00,48.09,-1.566300837216557e-23
2015-01-23 12:00:00+00:00,46.43,-2.05944718378784e-23
2015-01-23 13:00:00+00:00,44.76,8.545880119977614e-23
2015-01-23 14:00:00+00:00,38.92,9.722242302117672e-23
2015-01-23 15:00:00+00:00,44.1,8.758236071720353e-23
2015-01-23 16:00:00+00:00,48.06,9.470041188279678e-23
2015-01-23 17:00:00+00:00,44.82,-3.1739225855145624e-23
2015-01-23 18:00:00+00:00,26.77,1.5982060619742083e-22
2015-01-23 19:00:00+00:00,29.05,8.573866094929363e-23
2015-01-23 20:00:00+00:00,31.13,3.0916808725278846e-23
2015-01-23 21:00:00+00:00,26.11,9.698414261007767e-23
2015-01-23 22:00:00+00:00,27.89,1.423097109578608e-22
2015-01-23 23:00:00+00:00,27.46,3.728460472108453e-23
2015-01-24 00:00:00+00:00,27.04,3.325678778518972e-23
2015-01-24 01:00:00+00:00,24.44,9.236686745860162e-23
2015-01-24 02:00:00+00:00,24.29,9.007416048588065e-23
2015-01-24 03:00:00+00:00,24.78,3.5538720096999683e-23
2015-01-24 04:00:00+00:00,24.99,3.450189904021613e-23
2015-01-24 05:00:00+00:00,23.94,3.512875892625093e-23
2015-01-24 06:00:00+00:00,24.26,3.6650656430822703e-23
2015-01-24 07:00:00+00:00,27.6,1.448252227546354e-22
2015-01-24 08:00:00+00:00,29.01,9.098051473626686e-23
2015-01-24 09:00:00+00:00,29.15,3.546825196738984e-23
2015-01-24 10:00:00+00:00,29.19,9.062410547184699e-23
2015-01-24 11:00:00+00:00,29.15,9.074612870843419e-23
2015-01-24 12:00:00+00:00,29.11,3.51719276252115e-23
2015-01-24 13:00:00+00:00,29.06,9.072774202204066e-23
2015-01-24 14:00:00+00:00,29.11,1.462399901979539e-22
2015-01-24 15:00:00+00:00,29.28,9.074776904453824e-23
2015-01-24 16:00:00+00:00,29.44,9.065843180619496e-23
2015-01-24 17:00:00+00:00,29.38,3.50791331762177e-23
2015-01-24 18:00:00+00:00,29.26,9.140750363008477e-23
2015-01-24 19:00:00+00:00,29.35,3.387899634404543e-23
2015-01-24 20:00:00+00:00,27.97,9.209432828171039e-23
2015-01-24 21:00:00+00:00,28.11,9.042813284167516e-23
2015-01-24 22:00:00+00:00,27.41,1.4508289117680984e-22
2015-01-24 23:00:00+00:00,25.02,3.66806838615047e-23
2015-01-25 00:00:00+00:00,24.89,9.00774986139716e-23
2015-01-25 01:00:00+00:00,25.03,9.046502467629458e-23
2015-01-25 02:00:00+00:00,25.07,3.5644582904149563e-23
2015-01-25 03:00:00+00:00,25.92,9.053230562199509e-23
2015-01-25 04:00:00+00:00,26.68,1.4614314359890526e-22
2015-01-25 05:00:00+00:00,27.04,9.076828596082836e-23
2015-01-25 06:00:00+00:00,27.39,9.074906024286196e-23
2015-01-25 07:00:00+00:00,27.98,9.073500279757549e-23
2015-01-25 08:00:00+00:00,28.71,1.462353213971013e-22
2015-01-25 09:00:00+00:00,29.26,9.064513099253164e-23
2015-01-25 10:00:00+00:00,29.4,9.077576163836714e-23
2015-01-25 11:00:00+00:00,29.36,9.073530350033624e-23
2015-01-25 12:00:00+00:00,29.25,9.070253702807255e-23
2015-01-25 13:00:00+00:00,29.13,3.496602664976117e-23
2015-01-25 14:00:00+00:00,29.26,9.13282822091593e-23
2015-01-25 15:00:00+00:00,30.29,1.4568637702977092e-22
2015-01-25 16:00:00+00:00,30.4,3.5297688948531575e-23
2015-01-25 17:00:00+00:00,30.0,3.535692247357444e-23
2015-01-25 18:00:00+00:00,29.69,3.511833883385751e-23
2015-01-25 19:00:00+00:00,29.38,9.073669165189929e-23
2015-01-25 20:00:00+00:00,29.13,9.079808495060408e-23
2015-01-25 21:00:00+00:00,28.83,9.066719665867546e-23
2015-01-25 22:00:00+00:00,28.07,9.058659048294958e-23
2015-01-25 23:00:00+00:00,26.93,3.5423820914373144e-23
2015-01-26 00:00:00+00:00,26.13,9.056408435219784e-23
2015-01-26 01:00:00+00:00,25.54,9.078193077350573e-23
2015-01-26 02:00:00+00:00,25.41,3.50403583365879e-23
2015-01-26 03:00:00+00:00,25.8,9.086638356519833e-23
2015-01-26 04:00:00+00:00,27.09,3.5318463946752774e-23
2015-01-26 05:00:00+00:00,28.64,3.4813968394520583e-23
2015-01-26 06:00:00+00:00,29.4,9.112920370610705e-23
2015-01-26 07:00:00+00:00,30.0,3.492566992889003e-23
2015-01-26 08:00:00+00:00,29.93,9.08544587289097e-23
2015-01-26 09:00:00+00:00,29.75,3.5239633929681004e-23
2015-01-26 10:00:00+00:00,29.62,9.063231029336638e-23
2015-01-26 11:00:00+00:00,29.46,1.4631001242721114e-22
2015-01-26 12:00:00+00:00,29.44,9.068827161721141e-23
2015-01-26 13:00:00+00:00,29.41,9.067282458901075e-23
2015-01-26 14:00:00+00:00,29.36,3.506438050642878e-23
2015-01-26 15:00:00+00:00,29.56,1.4692206670734657e-22
2015-01-26 16:00:00+00:00,30.26,3.410355524471449e-23
2015-01-26 17:00:00+00:00,29.46,3.60954725533328e-23
2015-01-26 18:00:00+00:00,29.37,9.038078247310063e-23
2015-01-26 19:00:00+00:00,29.12,3.5238704034851885e-23
2015-01-26 20:00:00+00:00,28.49,3.551788288623386e-23
2015-01-26 21:00:00+00:00,27.15,9.025561200062818e-23
2015-01-26 22:00:00+00:00,24.05,3.589362550422249e-23
2015-01-26 23:00:00+00:00,20.36,3.3485563034441394e-23
2015-01-27 00:00:00+00:00,16.31,6.596474125415274e-23
2015-01-27 01:00:00+00:00,16.95,1.1490579907272613e-22
2015-01-27 02:00:00+00:00,16.34,9.374312970355663e-23
2015-01-27 03:00:00+00:00,19.92,6.052693136755328e-23
2015-01-27 04:00:00+00:00,22.92,9.262080071240484e-23
2015-01-27 05:00:00+00:00,27.57,3.406641218283755e-23
2015-01-27 06:00:00+00:00,29.88,9.094733529878596e-23
2015-01-27 07:00:00+00:00,30.38,9.077866549679642e-23
2015-01-27 08:00:00+00:00,30.29,9.092732571885811e-23
2015-01-27 09:00:00+00:00,30.45,3.5105557984493917e-23
2015-01-27 10:00:00+00:00,30.49,9.067192241620985e-23
2015-01-27 11:00:00+00:00,30.29,9.07304786540914e-23
2015-01-27 12:00:00+00:00,30.09,9.083624060317899e-23
2015-01-27 13:00:00+00:00,30.07,9.038438983945704e-23
2015-01-27 14:00:00+00:00,30.08,9.123451403521529e-23
2015-01-27 15:00:00+00:00,30.96,8.967099904634179e-23
2015-01-27 16:00:00+00:00,31.79,3.756789145623762e-23
2015-01-27 17:00:00+00:00,33.86,8.75354544152074e-23
2015-01-27 18:00:00+00:00,31.08,-1.8102129886025573e-23
2015-01-27 19:00:00+00:00,29.87,9.01219966194391e-23
2015-01-27 20:00:00+00:00,29.34,3.5357209201402326e-23
2015-01-27 21:00:00+00:00,28.89,9.037926877132006e-23
2015-01-27 22:00:00+00:00,27.8,9.088865581082503e-23
2015-01-27 23:00:00+00:00,26.97,3.538325255980117e-23
2015-01-28 00:00:00+00:00,26.59,1.4604355496364647e-22
2015-01-28 01:00:00+00:00,25.93,3.493575472689497e-23
2015-01-28 02:00:00+00:00,25.27,9.150000461781441e-23
2015-01-28 03:00:00+00:00,25.75,8.925677944582632e-23
2015-01-28 04:00:00+00:00,25.94,3.727772423967652e-23
2015-01-28 05:00:00+00:00,28.54,3.33173577925619e-23
2015-01-28 06:00:00+00:00,28.81,3.615785962476296e-23
2015-01-28 07:00:00+00:00,28.94,9.046748728375875e-23
2015-01-28 08:00:00+00:00,28.8,9.076949096126853e-23
2015-01-28 09:00:00+00:00,28.68,9.09068256188253e-23
2015-01-28 10:00:00+00:00,28.55,3.475670115208408e-23
2015-01-28 11:00:00+00:00,27.85,3.5755812518082494e-23
2015-01-28 12:00:00+00:00,27.63,1.4585718370881166e-22
2015-01-28 13:00:00+00:00,27.03,9.079148591092405e-23
2015-01-28 14:00:00+00:00,26.59,3.477825206029459e-23
2015-01-28 15:00:00+00:00,27.0,1.4765905823388264e-22
2015-01-28 16:00:00+00:00,29.15,3.331525991087355e-23
2015-01-28 17:00:00+00:00,28.62,9.222326894424195e-23
2015-01-28 18:00:00+00:00,28.01,8.998279278793784e-23
2015-01-28 19:00:00+00:00,25.47,9.124942236983271e-23
2015-01-28 20:00:00+00:00,21.69,1.4566571313960377e-22
2015-01-28 21:00:00+00:00,16.96,6.163277533977567e-23
2015-01-28 22:00:00+00:00,14.9,9.563783985419623e-23
2015-01-28 23:00:00+00:00,19.97,8.463249277688183e-23
2015-01-29 00:00:00+00:00,17.93,9.406835395921996e-23
2015-01-29 01:00:00+00:00,17.99,6.167534894439087e-23
2015-01-29 02:00:00+00:00,19.98,6.479055863495627e-23
2015-01-29 03:00:00+00:00,24.4,8.812502586988417e-23
2015-01-29 04:00:00+00:00,25.46,9.25266977844883e-23
2015-01-29 05:00:00+00:00,27.41,9.023780896807467e-23
2015-01-29 06:00:00+00:00,28.77,9.060829303503205e-23
2015-01-29 07:00:00+00:00,29.05,1.4631330604205365e-22
2015-01-29 08:00:00+00:00,28.89,9.077276394304577e-23
2015-01-29 09:00:00+00:00,28.81,9.080142691206599e-23
2015-01-29 10:00:00+00:00,28.84,1.4606154094182614e-22
2015-01-29 11:00:00+00:00,28.63,3.522794842735841e-23
2015-01-29 12:00:00+00:00,28.56,9.091693960930596e-23
2015-01-29 13:00:00+00:00,28.84,9.045459314484025e-23
2015-01-29 14:00:00+00:00,28.88,9.067834176104087e-23
2015-01-29 15:00:00+00:00,29.17,3.5718496078117874e-23
2015-01-29 16:00:00+00:00,30.02,3.4619815639879265e-23
2015-01-29 17:00:00+00:00,29.75,9.095163539363961e-23
2015-01-29 18:00:00+00:00,29.16,9.071964545376936e-23
2015-01-29 19:00:00+00:00,28.67,3.518603396254073e-23
2015-01-29 20:00:00+00:00,28.39,3.563537030146076e-23
2015-01-29 21:00:00+00:00,28.05,1.450899784227826e-22
2015-01-29 22:00:00+00:00,26.48,3.6607407331220303e-23
2015-01-29 23:00:00+00:00,26.6,1.451515061763383e-22
2015-01-30 00:00:00+00:00,26.23,9.140366989011528e-23
2015-01-30 01:00:00+00:00,26.42,1.4575653975426945e-22
2015-01-30 02:00:00+00:00,26.29,9.075527003207057e-23
2015-01-30 03:00:00+00:00,26.72,3.553405727904847e-23
2015-01-30 04:00:00+00:00,28.33,3.507984531828136e-23
2015-01-30 05:00:00+00:00,30.16,8.868427129779666e-23
2015-01-30 06:00:00+00:00,32.64,9.656125330659135e-23
2015-01-30 07:00:00+00:00,39.92,8.377115066423401e-23
2015-01-30 08:00:00+00:00,35.87,-1.695219047449415e-23
2015-01-30 09:00:00+00:00,32.56,3.5918032016109747e-23
2015-01-30 10:00:00+00:00,32.26,8.920953589019318e-23
2015-01-30 11:00:00+00:00,31.18,3.5878271960468734e-23
2015-01-30 12:00:00+00:00,30.79,9.064581795132795e-23
2015-01-30 13:00:00+00:00,30.75,9.057759570467082e-23
2015-01-30 14:00:00+00:00,30.66,3.492272316440085e-23
2015-01-30 15:00:00+00:00,30.94,3.6318924594810915e-23
2015-01-30 16:00:00+00:00,32.28,3.3775943228039465e-23
2015-01-30 17:00:00+00:00,31.4,9.17083938806936e-23
2015-01-30 18:00:00+00:00,30.62,1.4570647019833244e-22
2015-01-30 19:00:00+00:00,29.53,1.4650712708838805e-22
2015-01-30 20:00:00+00:00,29.06,9.096043108218445e-23
2015-01-30 21:00:00+00:00,28.79,3.4264402978723997e-23
2015-01-30 22:00:00+00:00,27.67,1.475207189717853e-22
2015-01-30 23:00:00+00:00,27.92,3.4084686541389304e-23
2015-01-31 00:00:00+00:00,27.2,9.137544955738158e-23
2015-01-31 01:00:00+00:00,26.95,9.039436967428001e-23
2015-01-31 02:00:00+00:00,26.7,9.086771007448462e-23
2015-01-31 03:00:00+00:00,26.79,9.068265656422151e-23
2015-01-31 04:00:00+00:00,27.01,9.066075850887186e-23
2015-01-31 05:00:00+00:00,27.22,9.068220775667766e-23
2015-01-31 06:00:00+00:00,27.6,3.5371049327064995e-23
2015-01-31 07:00:00+00:00,28.32,9.056647450155527e-23
2015-01-31 08:00:00+00:00,28.8,3.529767775772304e-23
2015-01-31 09:00:00+00:00,29.0,3.5156073791110185e-23
2015-01-31 10:00:00+00:00,28.79,3.518463679300331e-23
2015-01-31 11:00:00+00:00,28.41,9.081553268837183e-23
2015-01-31 12:00:00+00:00,28.23,9.062508608738934e-23
2015-01-31 13:00:00+00:00,28.19,3.5211828412790597e-23
2015-01-31 14:00:00+00:00,28.47,3.522609483380199e-23
2015-01-31 15:00:00+00:00,29.09,9.087358273870833e-23
2015-01-31 16:00:00+00:00,29.67,1.4595106409186386e-22
2015-01-31 17:00:00+00:00,29.38,9.08548535389631e-23
2015-01-31 18:00:00+00:00,28.8,1.4622705280823405e-22
2015-01-31 19:00:00+00:00,28.29,9.065984551157429e-23
2015-01-31 20:00:00+00:00,28.01,9.130307415392554e-23
2015-01-31 21:00:00+00:00,27.82,3.366058805270594e-23
2015-01-31 22:00:00+00:00,26.25,9.28171521905227e-23
2015-01-31 23:00:00+00:00,27.04,1.4451787614888868e-22
2015-02-01 00:00:00+00:00,26.32,1.4710324702015046e-22
2015-02-01 01:00:00+00:00,25.98,9.0324326347038e-23
2015-02-01 02:00:00+00:00,25.63,3.545122291793273e-23
2015-02-01 03:00:00+00:00,25.78,1.4611488544187042e-22
2015-02-01 04:00:00+00:00,25.99,3.522530625196402e-23
2015-02-01 05:00:00+00:00,26.16,1.4592034023817322e-22
2015-02-01 06:00:00+00:00,26.48,9.139633731783806e-23
2015-02-01 07:00:00+00:00,27.84,3.460545928506541e-23
2015-02-01 08:00:00+00:00,28.4,1.4643162692927145e-22
2015-02-01 09:00:00+00:00,28.59,9.073973975497028e-23
2015-02-01 10:00:00+00:00,28.61,9.073853725515756e-23
2015-02-01 11:00:00+00:00,28.49,9.063748053376893e-23
2015-02-01 12:00:00+00:00,28.24,9.077938177498723e-23
2015-02-01 13:00:00+00:00,28.21,3.517310044952527e-23
2015-02-01 14:00:00+00:00,28.47,3.520028913804718e-23
2015-02-01 15:00:00+00:00,29.02,3.5338365888189374e-23
2015-02-01 16:00:00+00:00,29.64,1.4599675415167044e-22
2015-02-01 17:00:00+00:00,29.67,9.101349166336966e-23
2015-02-01 18:00:00+00:00,29.42,9.029950120981803e-23
2015-02-01 19:00:00+00:00,28.59,9.108247036022735e-23
2015-02-01 20:00:00+00:00,28.36,9.09661540845107e-23
2015-02-01 21:00:00+00:00,28.18,8.963518527903102e-23
2015-02-01 22:00:00+00:00,26.92,9.224555319534554e-23
2015-02-01 23:00:00+00:00,27.23,1.44886497416826e-22
2015-02-02 00:00:00+00:00,26.38,3.59398480258808e-23
2015-02-02 01:00:00+00:00,26.19,3.508917520451858e-23
2015-02-02 02:00:00+00:00,26.21,3.4953926512825295e-23
2015-02-02 03:00:00+00:00,26.24,9.065737592184371e-23
2015-02-02 04:00:00+00:00,27.47,3.5614775067999826e-23
2015-02-02 05:00:00+00:00,31.02,3.344172096123138e-23
2015-02-02 06:00:00+00:00,36.3,9.468849774870826e-23
2015-02-02 07:00:00+00:00,45.44,-2.31639550156497e-23
2015-02-02 08:00:00+00:00,45.19,8.961543676131454e-23
2015-02-02 09:00:00+00:00,37.23,9.288352255577513e-23
2015-02-02 10:00:00+00:00,32.5,3.508190309469344e-23
2015-02-02 11:00:00+00:00,31.84,3.496863426935013e-23
2015-02-02 12:00:00+00:00,32.41,9.042034613396149e-23
2015-02-02 13:00:00+00:00,32.0,3.5293806908742793e-23
2015-02-02 14:00:00+00:00,31.12,3.269248476962084e-23
2015-02-02 15:00:00+00:00,32.26,1.5328355366695787e-22
2015-02-02 16:00:00+00:00,41.64,-2.709540204062012e-23
2015-02-02 17:00:00+00:00,38.49,9.145296893309647e-23
2015-02-02 18:00:00+00:00,31.42,3.854497968948467e-23
2015-02-02 19:00:00+00:00,30.74,3.3088701870944384e-23
2015-02-02 20:00:00+00:00,30.37,9.088676592774104e-23
2015-02-02 21:00:00+00:00,29.73,1.4638285407866223e-22
2015-02-02 22:00:00+00:00,29.22,9.071514115853409e-23
2015-02-02 23:00:00+00:00,28.75,9.059239443076324e-23
2015-02-03 00:00:00+00:00,28.23,9.083562267934154e-23
2015-02-03 01:00:00+00:00,28.05,3.5233080566318494e-23
2015-02-03 02:00:00+00:00,28.08,1.4596110722757446e-22
2015-02-03 03:00:00+00:00,28.21,-1.941612757565791e-23
2015-02-03 04:00:00+00:00,29.42,8.653815412227669e-23
2015-02-03 05:00:00+00:00,31.87,-1.2547914339856303e-23
2015-02-03 06:00:00+00:00,45.95,8.435365181223819e-23
2015-02-03 07:00:00+00:00,51.13,9.168853280209782e-23
2015-02-03 08:00:00+00:00,51.18,-1.5749459964250903e-23
2015-02-03 09:00:00+00:00,49.91,8.313321392833847e-23
2015-02-03 10:00:00+00:00,37.91,-1.4249179044219267e-23
2015-02-03 11:00:00+00:00,34.64,8.989144432502776e-23
2015-02-03 12:00:00+00:00,35.65,-2.2148492294304482e-23
2015-02-03 13:00:00+00:00,35.0,8.953740676957129e-23
2015-02-03 14:00:00+00:00,37.17,-1.6502553390635505e-23
2015-02-03 15:00:00+00:00,49.09,8.79214354113066e-23
2015-02-03 16:00:00+00:00,58.63,9.563135680461005e-23
2015-02-03 17:00:00+00:00,59.84,-3.069683507030377e-23
2015-02-03 18:00:00+00:00,40.77,1.0033175944200604e-22
2015-02-03 19:00:00+00:00,33.07,8.809207149917658e-23
2015-02-03 20:00:00+00:00,31.23,3.454977011129933e-23
2015-02-03 21:00:00+00:00,30.3,3.4928445035243265e-23
2015-02-03 22:00:00+00:00,29.46,1.4707019173138787e-22
2015-02-03 23:00:00+00:00,29.76,3.4403589553315176e-23
2015-02-04 00:00:00+00:00,29.3,1.4664511758672064e-22
2015-02-04 01:00:00+00:00,29.12,3.5057068810076597e-23
2015-02-04 02:00:00+00:00,29.18,9.089778199453352e-23
2015-02-04 03:00:00+00:00,29.76,1.4593367253443556e-22
2015-02-04 04:00:00+00:00,31.08,8.901741306301694e-23
2015-02-04 05:00:00+00:00,35.82,9.371193992273087e-23
2015-02-04 06:00:00+00:00,49.7,9.120900076572989e-23
2015-02-04 07:00:00+00:00,61.76,8.593102142298423e-23
2015-02-04 08:00:00+00:00,61.09,9.560330315052043e-23
2015-02-04 09:00:00+00:00,59.63,8.790621981921846e-23
2015-02-04 10:00:00+00:00,54.96,-1.9127176700760636e-23
2015-02-04 11:00:00+00:00,52.71,9.294022497746276e-23
2015-02-04 12:00:00+00:00,52.25,8.485236152538153e-23
2015-02-04 13:00:00+00:00,46.22,-1.3185552424928013e-23
2015-02-04 14:00:00+00:00,48.36,8.286646578772726e-23
2015-02-04 15:00:00+00:00,48.72,9.814985695093837e-23
2015-02-04 16:00:00+00:00,59.37,-2.067288289469823e-23
2015-02-04 17:00:00+00:00,61.63,8.192136301708468e-23
2015-02-04 18:00:00+00:00,44.27,9.969315188809672e-23
2015-02-04 19:00:00+00:00,36.88,8.854131260644606e-23
2015-02-04 20:00:00+00:00,34.39,3.392983312893883e-23
2015-02-04 21:00:00+00:00,31.82,9.125665084367051e-23
2015-02-04 22:00:00+00:00,30.47,9.098052308401761e-23
2015-02-04 23:00:00+00:00,30.29,1.4571940741876304e-22
2015-02-05 00:00:00+00:00,29.82,-2.0040177106199262e-23
2015-02-05 01:00:00+00:00,29.6,1.4614581668239377e-22
2015-02-05 02:00:00+00:00,29.54,9.087938851018506e-23
2015-02-05 03:00:00+00:00,29.8,9.026898021875807e-23
2015-02-05 04:00:00+00:00,30.77,1.4468347639217728e-22
2015-02-05 05:00:00+00:00,35.78,9.406838842296594e-23
2015-02-05 06:00:00+00:00,49.97,9.032635079061016e-23
2015-02-05 07:00:00+00:00,60.57,-2.30067888971219e-23
2015-02-05 08:00:00+00:00,57.89,9.114688567990427e-23
2015-02-05 09:00:00+00:00,50.78,9.311231098223948e-23
2015-02-05 10:00:00+00:00,48.76,8.927892182763391e-23
2015-02-05 11:00:00+00:00,48.18,9.340831806193363e-23
2015-02-05 12:00:00+00:00,46.3,8.431452136512382e-23
2015-02-05 13:00:00+00:00,36.02,-1.3946921590772575e-23
2015-02-05 14:00:00+00:00,35.64,8.587428905650449e-23
2015-02-05 15:00:00+00:00,39.71,-1.375463366671853e-23
2015-02-05 16:00:00+00:00,50.32,8.501541195964207e-23
2015-02-05 17:00:00+00:00,46.45,9.003296780876158e-23
2015-02-05 18:00:00+00:00,34.97,-1.630969709884741e-23
2015-02-05 19:00:00+00:00,31.09,8.939460083277644e-23
2015-02-05 20:00:00+00:00,30.55,8.999857038294675e-23
2015-02-05 21:00:00+00:00,29.72,9.093635005014668e-23
2015-02-05 22:00:00+00:00,29.01,9.097767395685808e-23
2015-02-05 23:00:00+00:00,28.73,3.488633606556049e-23
2015-02-06 00:00:00+00:00,28.14,1.4636850969215483e-22
2015-02-06 01:00:00+00:00,27.75,9.065626913516402e-23
2015-02-06 02:00:00+00:00,27.73,1.4627341034932963e-22
2015-02-06 03:00:00+00:00,28.23,9.104615659059184e-23
2015-02-06 04:00:00+00:00,29.02,3.349087764332294e-23
2015-02-06 05:00:00+00:00,29.82,3.7757665083564095e-23
2015-02-06 06:00:00+00:00,35.56,8.808112713899298e-23
2015-02-06 07:00:00+00:00,40.67,-1.5853076889218443e-23
2015-02-06 08:00:00+00:00,45.51,8.436954790114017e-23
2015-02-06 09:00:00+00:00,38.6,-1.5373128212573786e-23
2015-02-06 10:00:00+00:00,34.39,8.870845324394129e-23
2015-02-06 11:00:00+00:00,31.28,3.622500920701901e-23
2015-02-06 12:00:00+00:00,30.77,8.99694890690092e-23
2015-02-06 13:00:00+00:00,30.44,3.6231613240250204e-23
2015-02-06 14:00:00+00:00,30.36,1.4094424482366896e-22
2015-02-06 15:00:00+00:00,30.64,1.0132657639926637e-22
2015-02-06 16:00:00+00:00,44.08,8.296330642924864e-23
2015-02-06 17:00:00+00:00,41.87,8.840792773846387e-23
2015-02-06 18:00:00+00:00,29.94,4.265012472389527e-23
2015-02-06 19:00:00+00:00,29.42,3.0959056632667254e-23
2015-02-06 20:00:00+00:00,29.13,9.133685556392171e-23
2015-02-06 21:00:00+00:00,28.7,3.533811854196958e-23
2015-02-06 22:00:00+00:00,28.31,3.5074897654713596e-23
2015-02-06 23:00:00+00:00,27.78,9.090046443515266e-23
2015-02-07 00:00:00+00:00,27.33,1.459931234235912e-22
2015-02-07 01:00:00+00:00,26.65,9.089173652990481e-23
2015-02-07 02:00:00+00:00,26.28,9.065634231299078e-23
2015-02-07 03:00:00+00:00,26.08,3.53725693150809e-23
2015-02-07 04:00:00+00:00,25.91,8.998129885005036e-23
2015-02-07 05:00:00+00:00,25.53,9.198381457387861e-23
2015-02-07 06:00:00+00:00,26.86,8.952705734879199e-23
2015-02-07 07:00:00+00:00,27.06,1.4685159720531905e-22
2015-02-07 08:00:00+00:00,27.45,3.509180322355751e-23
2015-02-07 09:00:00+00:00,27.6,9.026582949096924e-23
2015-02-07 10:00:00+00:00,27.27,9.300604146625582e-23
2015-02-07 11:00:00+00:00,26.68,1.4190100331419792e-22
2015-02-07 12:00:00+00:00,20.27,3.906706634012447e-23
2015-02-07 13:00:00+00:00,19.18,8.950487746267652e-23
2015-02-07 14:00:00+00:00,19.96,6.119672643229104e-23
2015-02-07 15:00:00+00:00,21.57,1.5014098657024445e-22
2015-02-07 16:00:00+00:00,27.74,3.074440289538758e-23
2015-02-07 17:00:00+00:00,27.81,7.45172812047539e-23
2015-02-07 18:00:00+00:00,26.31,3.3325694548217316e-22
2015-02-07 19:00:00+00:00,21.71,-3.970200753686689e-22
2015-02-07 20:00:00+00:00,15.01,0.06237114855920983
2015-02-07 21:00:00+00:00,14.25,0.22941706547194785
2015-02-07 22:00:00+00:00,9.56,0.49353775073821404
2015-02-07 23:00:00+00:00,-5.0,0.8078332043580084
2015-02-08 00:00:00+00:00,-1.12,1.026703426331331
2015-02-08 01:00:00+00:00,-4.78,1.1889484166581816
2015-02-08 02:00:00+00:00,-2.4,1.2579681753385605
2015-02-08 03:00:00+00:00,-7.32,1.2575627023724674
2015-02-08 04:00:00+00:00,-0.9,1.1385319977599024
2015-02-08 05:00:00+00:00,-6.8,0.9650760615008657
2015-02-08 06:00:00+00:00,0.08,0.678194893595357
2015-02-08 07:00:00+00:00,13.15,0.3466884940433765
2015-02-08 08:00:00+00:00,18.96,0.10125686284492412
2015-02-08 09:00:00+00:00,16.43,-2.647593807731398e-22
2015-02-08 10:00:00+00:00,18.65,2.7062411347345633e-22
2015-02-08 11:00:00+00:00,19.93,4.9505174297090096e-23
2015-02-08 12:00:00+00:00,24.83,8.767099747450748e-23
2015-02-08 13:00:00+00:00,26.51,9.172402575965033e-23
2015-02-08 14:00:00+00:00,26.79,8.933209344079894e-23
2015-02-08 15:00:00+00:00,26.66,9.392248799765517e-23
2015-02-08 16:00:00+00:00,29.94,3.159326550746168e-23
2015-02-08 17:00:00+00:00,28.7,9.284516358219822e-23
2015-02-08 18:00:00+00:00,28.43,9.039982430019445e-23
2015-02-08 19:00:00+00:00,28.12,8.956523922444383e-23
2015-02-08 20:00:00+00:00,26.93,3.933097113107409e-23
2015-02-08 21:00:00+00:00,26.35,8.316478197456159e-23
2015-02-08 22:00:00+00:00,16.84,9.82102180162894e-23
2015-02-08 23:00:00+00:00,16.42,5.991994137923636e-23
2015-02-09 00:00:00+00:00,14.95,6.064628458312132e-23
2015-02-09 01:00:00+00:00,11.5,1.2419175472085052e-22
2015-02-09 02:00:00+00:00,13.86,5.737550818927272e-23
2015-02-09 03:00:00+00:00,9.81,1.046343083596933e-22
2015-02-09 04:00:00+00:00,9.88,9.609278947945062e-23
2015-02-09 05:00:00+00:00,22.28,8.672978453413661e-23
2015-02-09 06:00:00+00:00,29.17,3.4353044483541554e-23
2015-02-09 07:00:00+00:00,28.82,3.727960520782339e-23
2015-02-09 08:00:00+00:00,28.68,3.467533429411918e-23
2015-02-09 09:00:00+00:00,28.6,9.065958445061477e-23
2015-02-09 10:00:00+00:00,28.53,9.082609394180052e-23
2015-02-09 11:00:00+00:00,28.61,3.5095633760512906e-23
2015-02-09 12:00:00+00:00,28.58,9.081363099529283e-23
2015-02-09 13:00:00+00:00,28.56,3.510299590833332e-23
2015-02-09 14:00:00+00:00,28.44,9.073405945628868e-23
2015-02-09 15:00:00+00:00,28.51,9.088289176712425e-23
2015-02-09 16:00:00+00:00,28.83,9.047451022774548e-23
2015-02-09 17:00:00+00:00,28.79,9.090464214216576e-23
2015-02-09 18:00:00+00:00,28.72,3.504625032963712e-23
2015-02-09 19:00:00+00:00,28.47,9.092078925572345e-23
2015-02-09 20:00:00+00:00,28.33,1.460291069524784e-22
2015-02-09 21:00:00+00:00,27.85,9.117268020776911e-23
2015-02-09 22:00:00+00:00,27.12,3.4205903219219547e-23
2015-02-09 23:00:00+00:00,25.36,3.640810758022494e-23
2015-02-10 00:00:00+00:00,25.32,8.987802354557339e-23
2015-02-10 01:00:00+00:00,25.19,9.112275136547384e-23
2015-02-10 02:00:00+00:00,25.57,3.489570450024851e-23
2015-02-10 03:00:00+00:00,26.02,9.088742947685887e-23
2015-02-10 04:00:00+00:00,27.03,9.082572182536484e-23
2015-02-10 05:00:00+00:00,28.23,3.4952854842781843e-23
2015-02-10 06:00:00+00:00,28.76,9.087473221978821e-23
2015-02-10 07:00:00+00:00,28.97,9.0668695614766e-23
2015-02-10 08:00:00+00:00,28.94,3.5250603547472864e-23
2015-02-10 09:00:00+00:00,28.89,1.462239788786351e-22
2015-02-10 10:00:00+00:00,28.85,9.070608424070346e-23
2015-02-10 11:00:00+00:00,28.81,9.072205061074329e-23
2015-02-10 12:00:00+00:00,28.79,9.075315963308943e-23
2015-02-10 13:00:00+00:00,28.77,9.065906397536584e-23
2015-02-10 14:00:00+00:00,28.67,9.049978426957618e-23
2015-02-10 15:00:00+00:00,28.81,9.142387500104371e-23
2015-02-10 16:00:00+00:00,29.78,1.4544484365616602e-22
2015-02-10 17:00:00+00:00,29.5,3.5580574423884476e-23
2015-02-10 18:00:00+00:00,29.03,1.4613600377697096e-22
2015-02-10 19:00:00+00:00,28.62,3.5335398115078584e-23
2015-02-10 20:00:00+00:00,28.46,9.067197715422035e-23
2015-02-10 21:00:00+00:00,28.09,3.5082648982709e-23
2015-02-10 22:00:00+00:00,27.34,9.085512383880116e-23
2015-02-10 23:00:00+00:00,26.71,9.06472075654422e-23
2015-02-11 00:00:00+00:00,26.23,9.07465194441828e-23
2015-02-11 01:00:00+00:00,26.04,1.4620940423275837e-22
2015-02-11 02:00:00+00:00,26.13,3.5220241880508297e-23
2015-02-11 03:00:00+00:00,26.57,3.6207690842824905e-23
2015-02-11 04:00:00+00:00,27.7,2.6920374969025363e-23
2015-02-11 05:00:00+00:00,30.95,-1.816193060013336e-25
2015-02-11 06:00:00+00:00,55.49,6.642569586349211e-23
2015-02-11 07:00:00+00:00,49.21,1.0689159813805689e-22
2015-02-11 08:00:00+00:00,51.08,-2.656800070382083e-23
2015-02-11 09:00:00+00:00,50.75,9.395680217630371e-23
2015-02-11 10:00:00+00:00,50.79,8.68378980133529e-23
2015-02-11 11:00:00+00:00,46.32,-1.666175784148296e-23
2015-02-11 12:00:00+00:00,46.31,8.88938367779004e-23
2015-02-11 13:00:00+00:00,46.25,-1.9397946275633658e-23
2015-02-11 14:00:00+00:00,46.27,8.759848826177224e-23
2015-02-11 15:00:00+00:00,46.25,-1.4603301856935113e-23
2015-02-11 16:00:00+00:00,53.98,8.756744794562871e-23
